"","Sample","SeqRun","LibID","Read_no","ID","Line","Mean","Plant","Date","Year","Period","Configuration","Design","Design2","ReturnSludgeSidestream","PrimarySetling","Digester","lat","long","Solids_AerationTank_PointMeasurement","SolidsFraction_AerationTank_PointMeasurement","SVI","DSVI","ExtractionConc","LibraryConc"
"MQ201009-91","MQ201009-91","MQ201009","LIB-Viby-LT-209",NA,"","LT","","Viby","2020-01-07",2020,NA,"","","","","","",NA,NA,NA,NA,NA,NA,NA,NA
"MQ201009-92","MQ201009-92","MQ201009","LIB-Viby-LT-211",NA,"","LT","","Viby","2020-01-14",2020,NA,"","","","","","",NA,NA,NA,NA,NA,NA,NA,NA
"MQ201009-93","MQ201009-93","MQ201009","LIB-Viby-LT-213",NA,"","LT","","Viby","2020-01-21",2020,NA,"","","","","","",NA,NA,NA,NA,NA,NA,NA,NA
"MQ201009-94","MQ201009-94","MQ201009","LIB-Viby-LT-215",NA,"","LT","","Viby","2020-01-28",2020,NA,"","","","","","",NA,NA,NA,NA,NA,NA,NA,NA
"MQ201009-95","MQ201009-95","MQ201009","LIB-Viby-LT-217",NA,"","LT","","Viby","2020-02-04",2020,NA,"","","","","","",NA,NA,NA,NA,NA,NA,NA,NA
"MQ201009-96","MQ201009-96","MQ201009","LIB-Viby-LT-219",NA,"","LT","","Viby","2020-02-11",2020,NA,"","","","","","",NA,NA,NA,NA,NA,NA,NA,NA
"MQ201009-97","MQ201009-97","MQ201009","LIB-Viby-LT-221",NA,"","LT","","Viby","2020-02-18",2020,NA,"","","","","","",NA,NA,NA,NA,NA,NA,NA,NA
"MQ201009-98","MQ201009-98","MQ201009","LIB-Viby-LT-223",NA,"","LT","","Viby","2020-02-25",2020,NA,"","","","","","",NA,NA,NA,NA,NA,NA,NA,NA
"MQ201009-99","MQ201009-99","MQ201009","LIB-Viby-LT-225",NA,"","LT","","Viby","2020-03-03",2020,NA,"","","","","","",NA,NA,NA,NA,NA,NA,NA,NA
"MQ201009-100","MQ201009-100","MQ201009","LIB-Viby-LT-227",NA,"","LT","","Viby","2020-03-10",2020,NA,"","","","","","",NA,NA,NA,NA,NA,NA,NA,NA
"MQ201009-101","MQ201009-101","MQ201009","LIB-Viby-LT-229",NA,"","LT","","Viby","2020-04-02",2020,NA,"","","","","","",NA,NA,NA,NA,NA,NA,NA,NA
"MQ201009-102","MQ201009-102","MQ201009","LIB-Viby-LT-231",NA,"","LT","","Viby","2020-04-07",2020,NA,"","","","","","",NA,NA,NA,NA,NA,NA,NA,NA
"MQ201009-103","MQ201009-103","MQ201009","LIB-Viby-LT-233",NA,"","LT","","Viby","2020-04-14",2020,NA,"","","","","","",NA,NA,NA,NA,NA,NA,NA,NA
"MQ201009-104","MQ201009-104","MQ201009","LIB-Viby-LT-235",NA,"","LT","","Viby","2020-04-22",2020,NA,"","","","","","",NA,NA,NA,NA,NA,NA,NA,NA
"MQ201009-105","MQ201009-105","MQ201009","LIB-Viby-LT-237",NA,"","LT","","Viby","2020-04-27",2020,NA,"","","","","","",NA,NA,NA,NA,NA,NA,NA,NA
"MQ201009-106","MQ201009-106","MQ201009","LIB-Viby-LT-239",NA,"","LT","","Viby","2020-05-05",2020,NA,"","","","","","",NA,NA,NA,NA,NA,NA,NA,NA
"MQ201009-107","MQ201009-107","MQ201009","LIB-Viby-LT-241",NA,"","LT","","Viby","2020-05-15",2020,NA,"","","","","","",NA,NA,NA,NA,NA,NA,NA,NA
"MQ201009-108","MQ201009-108","MQ201009","LIB-Viby-LT-243",NA,"","LT","","Viby","2020-05-18",2020,NA,"","","","","","",NA,NA,NA,NA,NA,NA,NA,NA
"MQ201009-109","MQ201009-109","MQ201009","LIB-Viby-LT-245",NA,"","LT","","Viby","2020-06-04",2020,NA,"","","","","","",NA,NA,NA,NA,NA,NA,NA,NA
"MQ201009-110","MQ201009-110","MQ201009","LIB-Viby-LT-247",NA,"","LT","","Viby","2020-06-06",2020,NA,"","","","","","",NA,NA,NA,NA,NA,NA,NA,NA
"MQ201009-111","MQ201009-111","MQ201009","LIB-Viby-LT-249",NA,"","LT","","Viby","2020-06-18",2020,NA,"","","","","","",NA,NA,NA,NA,NA,NA,NA,NA
"MQ201009-112","MQ201009-112","MQ201009","LIB-Viby-LT-251",NA,"","LT","","Viby","2020-06-25",2020,NA,"","","","","","",NA,NA,NA,NA,NA,NA,NA,NA
"MQ201009-113","MQ201009-113","MQ201009","LIB-Viby-LT-253",NA,"","LT","","Viby","2020-07-02",2020,NA,"","","","","","",NA,NA,NA,NA,NA,NA,NA,NA
"MQ201009-114","MQ201009-114","MQ201009","LIB-Viby-LT-255",NA,"","LT","","Viby","2020-07-06",2020,NA,"","","","","","",NA,NA,NA,NA,NA,NA,NA,NA
"MQ201009-115","MQ201009-115","MQ201009","LIB-Viby-LT-256",NA,"","LT","","Viby","2020-07-15",2020,NA,"","","","","","",NA,NA,NA,NA,NA,NA,NA,NA
"MQ201009-116","MQ201009-116","MQ201009","LIB-Viby-LT-257",NA,"","LT","","Viby","2020-07-23",2020,NA,"","","","","","",NA,NA,NA,NA,NA,NA,NA,NA
"MQ201009-117","MQ201009-117","MQ201009","LIB-Viby-LT-258",NA,"","LT","","Viby","2020-07-30",2020,NA,"","","","","","",NA,NA,NA,NA,NA,NA,NA,NA
"MQ201009-118","MQ201009-118","MQ201009","LIB-Viby-LT-260",NA,"","LT","","Viby","2020-08-05",2020,NA,"","","","","","",NA,NA,NA,NA,NA,NA,NA,NA
"MQ201009-119","MQ201009-119","MQ201009","LIB-Viby-LT-262",NA,"","LT","","Viby","2020-08-14",2020,NA,"","","","","","",NA,NA,NA,NA,NA,NA,NA,NA
"MQ201009-120","MQ201009-120","MQ201009","LIB-Viby-LT-264",NA,"","LT","","Viby","2020-08-20",2020,NA,"","","","","","",NA,NA,NA,NA,NA,NA,NA,NA
"MQ201009-121","MQ201009-121","MQ201009","LIB-Viby-LT-266",NA,"","LT","","Viby","2020-08-28",2020,NA,"","","","","","",NA,NA,NA,NA,NA,NA,NA,NA
"MQ201009-122","MQ201009-122","MQ201009","LIB-Viby-LT-268",NA,"","LT","","Viby","2020-09-03",2020,NA,"","","","","","",NA,NA,NA,NA,NA,NA,NA,NA
"MQ201009-125","MQ201009-125","MQ201009","LIB-Viby-HC-U-1",NA,"","HC-U","","Viby","2020-01-02",2020,NA,"","","","","","",NA,NA,NA,NA,NA,NA,NA,NA
"MQ201009-126","MQ201009-126","MQ201009","LIB-Viby-HC-U-3",NA,"","HC-U","","Viby","2020-01-09",2020,NA,"","","","","","",NA,NA,NA,NA,NA,NA,NA,NA
"MQ201009-127","MQ201009-127","MQ201009","LIB-Viby-HC-U-5",NA,"","HC-U","","Viby","2020-01-14",2020,NA,"","","","","","",NA,NA,NA,NA,NA,NA,NA,NA
"MQ201009-128","MQ201009-128","MQ201009","LIB-Viby-HC-U-7",NA,"","HC-U","","Viby","2020-01-21",2020,NA,"","","","","","",NA,NA,NA,NA,NA,NA,NA,NA
"MQ201009-129","MQ201009-129","MQ201009","LIB-Viby-HC-U-9",NA,"","HC-U","","Viby","2020-01-30",2020,NA,"","","","","","",NA,NA,NA,NA,NA,NA,NA,NA
"MQ201009-130","MQ201009-130","MQ201009","LIB-Viby-HC-U-11",NA,"","HC-U","","Viby","2020-02-04",2020,NA,"","","","","","",NA,NA,NA,NA,NA,NA,NA,NA
"MQ201009-131","MQ201009-131","MQ201009","LIB-Viby-HC-U-13",NA,"","HC-U","","Viby","2020-02-11",2020,NA,"","","","","","",NA,NA,NA,NA,NA,NA,NA,NA
"MQ201009-132","MQ201009-132","MQ201009","LIB-Viby-HC-U-15",NA,"","HC-U","","Viby","2020-02-18",2020,NA,"","","","","","",NA,NA,NA,NA,NA,NA,NA,NA
"MQ201009-133","MQ201009-133","MQ201009","LIB-Viby-HC-U-17",NA,"","HC-U","","Viby","2020-03-03",2020,NA,"","","","","","",NA,NA,NA,NA,NA,NA,NA,NA
"MQ201009-134","MQ201009-134","MQ201009","LIB-Viby-HC-U-19",NA,"","HC-U","","Viby","2020-03-10",2020,NA,"","","","","","",NA,NA,NA,NA,NA,NA,NA,NA
"MQ201009-135","MQ201009-135","MQ201009","LIB-Viby-HC-U-21",NA,"","HC-U","","Viby","2020-04-14",2020,NA,"","","","","","",NA,NA,NA,NA,NA,NA,NA,NA
"MQ201009-136","MQ201009-136","MQ201009","LIB-Viby-HC-U-23",NA,"","HC-U","","Viby","2020-04-22",2020,NA,"","","","","","",NA,NA,NA,NA,NA,NA,NA,NA
"MQ201009-137","MQ201009-137","MQ201009","LIB-Viby-HC-U-25",NA,"","HC-U","","Viby","2020-04-27",2020,NA,"","","","","","",NA,NA,NA,NA,NA,NA,NA,NA
"MQ201009-138","MQ201009-138","MQ201009","LIB-Viby-HC-U-27",NA,"","HC-U","","Viby","2020-05-05",2020,NA,"","","","","","",NA,NA,NA,NA,NA,NA,NA,NA
"MQ201009-139","MQ201009-139","MQ201009","LIB-Viby-HC-U-29",NA,"","HC-U","","Viby","2020-05-18",2020,NA,"","","","","","",NA,NA,NA,NA,NA,NA,NA,NA
"MQ201009-140","MQ201009-140","MQ201009","LIB-Viby-HC-U-31",NA,"","HC-U","","Viby","2020-06-04",2020,NA,"","","","","","",NA,NA,NA,NA,NA,NA,NA,NA
"MQ201009-141","MQ201009-141","MQ201009","LIB-Viby-HC-U-33",NA,"","HC-U","","Viby","2020-06-11",2020,NA,"","","","","","",NA,NA,NA,NA,NA,NA,NA,NA
"MQ201009-142","MQ201009-142","MQ201009","LIB-Viby-HC-U-35",NA,"","HC-U","","Viby","2020-06-18",2020,NA,"","","","","","",NA,NA,NA,NA,NA,NA,NA,NA
"MQ201009-143","MQ201009-143","MQ201009","LIB-Viby-HC-U-37",NA,"","HC-U","","Viby","2020-06-26",2020,NA,"","","","","","",NA,NA,NA,NA,NA,NA,NA,NA
"MQ201009-144","MQ201009-144","MQ201009","LIB-Viby-HC-U-39",NA,"","HC-U","","Viby","2020-07-02",2020,NA,"","","","","","",NA,NA,NA,NA,NA,NA,NA,NA
"MQ201009-145","MQ201009-145","MQ201009","LIB-Viby-HC-U-41",NA,"","HC-U","","Viby","2020-07-06",2020,NA,"","","","","","",NA,NA,NA,NA,NA,NA,NA,NA
"MQ201009-146","MQ201009-146","MQ201009","LIB-Viby-HC-U-42",NA,"","HC-U","","Viby","2020-07-15",2020,NA,"","","","","","",NA,NA,NA,NA,NA,NA,NA,NA
"MQ201009-147","MQ201009-147","MQ201009","LIB-Viby-HC-U-43",NA,"","HC-U","","Viby","2020-07-23",2020,NA,"","","","","","",NA,NA,NA,NA,NA,NA,NA,NA
"MQ201009-148","MQ201009-148","MQ201009","LIB-Viby-HC-U-44",NA,"","HC-U","","Viby","2020-07-30",2020,NA,"","","","","","",NA,NA,NA,NA,NA,NA,NA,NA
"MQ201009-149","MQ201009-149","MQ201009","LIB-Viby-HC-U-46",NA,"","HC-U","","Viby","2020-08-14",2020,NA,"","","","","","",NA,NA,NA,NA,NA,NA,NA,NA
"MQ201009-150","MQ201009-150","MQ201009","LIB-Viby-HC-U-48",NA,"","HC-U","","Viby","2020-08-20",2020,NA,"","","","","","",NA,NA,NA,NA,NA,NA,NA,NA
"MQ201009-151","MQ201009-151","MQ201009","LIB-Viby-HC-U-50",NA,"","HC-U","","Viby","2020-08-28",2020,NA,"","","","","","",NA,NA,NA,NA,NA,NA,NA,NA
"MQ201009-152","MQ201009-152","MQ201009","LIB-Viby-HC-U-52",NA,"","HC-U","","Viby","2020-09-03",2020,NA,"","","","","","",NA,NA,NA,NA,NA,NA,NA,NA
"MQ201009-153","MQ201009-153","MQ201009","LIB-Viby-HC-O-1",NA,"","HC-O","","Viby","2020-02-01",2020,NA,"","","","","","",NA,NA,NA,NA,NA,NA,NA,NA
"MQ201009-154","MQ201009-154","MQ201009","LIB-Viby-HC-O-3",NA,"","HC-O","","Viby","2020-09-01",2020,NA,"","","","","","",NA,NA,NA,NA,NA,NA,NA,NA
"MQ201009-155","MQ201009-155","MQ201009","LIB-Viby-HC-O-5",NA,"","HC-O","","Viby","2020-01-14",2020,NA,"","","","","","",NA,NA,NA,NA,NA,NA,NA,NA
"MQ201009-156","MQ201009-156","MQ201009","LIB-Viby-HC-O-7",NA,"","HC-O","","Viby","2020-01-21",2020,NA,"","","","","","",NA,NA,NA,NA,NA,NA,NA,NA
"MQ201009-157","MQ201009-157","MQ201009","LIB-Viby-HC-O-9",NA,"","HC-O","","Viby","2020-01-30",2020,NA,"","","","","","",NA,NA,NA,NA,NA,NA,NA,NA
"MQ201009-158","MQ201009-158","MQ201009","LIB-Viby-HC-O-11",NA,"","HC-O","","Viby","2020-02-04",2020,NA,"","","","","","",NA,NA,NA,NA,NA,NA,NA,NA
"MQ201009-159","MQ201009-159","MQ201009","LIB-Viby-HC-O-13",NA,"","HC-O","","Viby","2020-02-11",2020,NA,"","","","","","",NA,NA,NA,NA,NA,NA,NA,NA
"MQ201009-160","MQ201009-160","MQ201009","LIB-Viby-HC-O-15",NA,"","HC-O","","Viby","2020-02-18",2020,NA,"","","","","","",NA,NA,NA,NA,NA,NA,NA,NA
"MQ201009-161","MQ201009-161","MQ201009","LIB-Viby-HC-O-17",NA,"","HC-O","","Viby","2020-03-03",2020,NA,"","","","","","",NA,NA,NA,NA,NA,NA,NA,NA
"MQ201009-162","MQ201009-162","MQ201009","LIB-Viby-HC-O-19",NA,"","HC-O","","Viby","2020-03-10",2020,NA,"","","","","","",NA,NA,NA,NA,NA,NA,NA,NA
"MQ201009-163","MQ201009-163","MQ201009","LIB-Viby-HC-O-21",NA,"","HC-O","","Viby","2020-04-14",2020,NA,"","","","","","",NA,NA,NA,NA,NA,NA,NA,NA
"MQ201009-164","MQ201009-164","MQ201009","LIB-Viby-HC-O-23",NA,"","HC-O","","Viby","2020-04-22",2020,NA,"","","","","","",NA,NA,NA,NA,NA,NA,NA,NA
"MQ201009-165","MQ201009-165","MQ201009","LIB-Viby-HC-O-25",NA,"","HC-O","","Viby","2020-04-27",2020,NA,"","","","","","",NA,NA,NA,NA,NA,NA,NA,NA
"MQ201009-166","MQ201009-166","MQ201009","LIB-Viby-HC-O-27",NA,"","HC-O","","Viby","2020-05-05",2020,NA,"","","","","","",NA,NA,NA,NA,NA,NA,NA,NA
"MQ201009-167","MQ201009-167","MQ201009","LIB-Viby-HC-O-29",NA,"","HC-O","","Viby","2020-05-18",2020,NA,"","","","","","",NA,NA,NA,NA,NA,NA,NA,NA
"MQ201009-168","MQ201009-168","MQ201009","LIB-Viby-HC-O-31",NA,"","HC-O","","Viby","2020-06-04",2020,NA,"","","","","","",NA,NA,NA,NA,NA,NA,NA,NA
"MQ201009-169","MQ201009-169","MQ201009","LIB-Viby-HC-O-33",NA,"","HC-O","","Viby","2020-06-11",2020,NA,"","","","","","",NA,NA,NA,NA,NA,NA,NA,NA
"MQ201009-170","MQ201009-170","MQ201009","LIB-Viby-HC-O-35",NA,"","HC-O","","Viby","2020-06-18",2020,NA,"","","","","","",NA,NA,NA,NA,NA,NA,NA,NA
"MQ201009-171","MQ201009-171","MQ201009","LIB-Viby-HC-O-37",NA,"","HC-O","","Viby","2020-06-26",2020,NA,"","","","","","",NA,NA,NA,NA,NA,NA,NA,NA
"MQ201009-172","MQ201009-172","MQ201009","LIB-Viby-HC-O-39",NA,"","HC-O","","Viby","2020-07-02",2020,NA,"","","","","","",NA,NA,NA,NA,NA,NA,NA,NA
"MQ201009-173","MQ201009-173","MQ201009","LIB-Viby-HC-O-41",NA,"","HC-O","","Viby","2020-07-06",2020,NA,"","","","","","",NA,NA,NA,NA,NA,NA,NA,NA
"MQ201009-174","MQ201009-174","MQ201009","LIB-Viby-HC-O-42",NA,"","HC-O","","Viby","2020-07-15",2020,NA,"","","","","","",NA,NA,NA,NA,NA,NA,NA,NA
"MQ201009-175","MQ201009-175","MQ201009","LIB-Viby-HC-O-43",NA,"","HC-O","","Viby","2020-07-23",2020,NA,"","","","","","",NA,NA,NA,NA,NA,NA,NA,NA
"MQ201009-176","MQ201009-176","MQ201009","LIB-Viby-HC-O-44",NA,"","HC-O","","Viby","2020-07-30",2020,NA,"","","","","","",NA,NA,NA,NA,NA,NA,NA,NA
"MQ201009-177","MQ201009-177","MQ201009","LIB-Viby-HC-O-46",NA,"","HC-O","","Viby","2020-08-14",2020,NA,"","","","","","",NA,NA,NA,NA,NA,NA,NA,NA
"MQ201009-178","MQ201009-178","MQ201009","LIB-Viby-HC-O-48",NA,"","HC-O","","Viby","2020-08-20",2020,NA,"","","","","","",NA,NA,NA,NA,NA,NA,NA,NA
"MQ201009-179","MQ201009-179","MQ201009","LIB-Viby-HC-O-50",NA,"","HC-O","","Viby","2020-08-28",2020,NA,"","","","","","",NA,NA,NA,NA,NA,NA,NA,NA
"MQ201009-180","MQ201009-180","MQ201009","LIB-Viby-HC-O-52",NA,"","HC-O","","Viby","2020-09-03",2020,NA,"","","","","","",NA,NA,NA,NA,NA,NA,NA,NA
"MQ201009-34","MQ201009-34","MQ201009","LIB-Viby-LT-37",NA,"","LT","","Viby","2018-08-31",2018,NA,"","","","","","",NA,NA,NA,NA,NA,NA,NA,NA
"MQ201009-35","MQ201009-35","MQ201009","LIB-Viby-LT-40",NA,"","LT","","Viby","2018-09-14",2018,NA,"","","","","","",NA,NA,NA,NA,NA,NA,NA,NA
"MQ201009-36","MQ201009-36","MQ201009","LIB-Viby-LT-43",NA,"","LT","","Viby","2018-09-27",2018,NA,"","","","","","",NA,NA,NA,NA,NA,NA,NA,NA
"MQ201009-37","MQ201009-37","MQ201009","LIB-Viby-LT-46",NA,"","LT","","Viby","2018-10-05",2018,NA,"","","","","","",NA,NA,NA,NA,NA,NA,NA,NA
"MQ201009-38","MQ201009-38","MQ201009","LIB-Viby-LT-49",NA,"","LT","","Viby","2018-10-20",2018,NA,"","","","","","",NA,NA,NA,NA,NA,NA,NA,NA
"MQ201009-39","MQ201009-39","MQ201009","LIB-Viby-LT-52",NA,"","LT","","Viby","2018-11-16",2018,NA,"","","","","","",NA,NA,NA,NA,NA,NA,NA,NA
"MQ201009-40","MQ201009-40","MQ201009","LIB-Viby-LT-55",NA,"","LT","","Viby","2018-11-29",2018,NA,"","","","","","",NA,NA,NA,NA,NA,NA,NA,NA
"MQ201009-41","MQ201009-41","MQ201009","LIB-Viby-LT-82",NA,"","LT","","Viby","2019-01-25",2019,NA,"","","","","","",NA,NA,NA,NA,NA,NA,NA,NA
"MQ201009-42","MQ201009-42","MQ201009","LIB-Viby-LT-85",NA,"","LT","","Viby","2019-01-31",2019,NA,"","","","","","",NA,NA,NA,NA,NA,NA,NA,NA
"MQ201009-43","MQ201009-43","MQ201009","LIB-Viby-LT-88",NA,"","LT","","Viby","2019-02-22",2019,NA,"","","","","","",NA,NA,NA,NA,NA,NA,NA,NA
"MQ201009-44","MQ201009-44","MQ201009","LIB-Viby-LT-91",NA,"","LT","","Viby","2019-02-28",2019,NA,"","","","","","",NA,NA,NA,NA,NA,NA,NA,NA
"MQ201009-45","MQ201009-45","MQ201009","LIB-Viby-LT-94",NA,"","LT","","Viby","2019-03-13",2019,NA,"","","","","","",NA,NA,NA,NA,NA,NA,NA,NA
"MQ201009-46","MQ201009-46","MQ201009","LIB-Viby-LT-97",NA,"","LT","","Viby","2019-03-21",2019,NA,"","","","","","",NA,NA,NA,NA,NA,NA,NA,NA
"MQ201009-47","MQ201009-47","MQ201009","LIB-Viby-LT-100",NA,"","LT","","Viby","2019-03-29",2019,NA,"","","","","","",NA,NA,NA,NA,NA,NA,NA,NA
"MQ201009-48","MQ201009-48","MQ201009","LIB-Viby-LT-103",NA,"","LT","","Viby","2019-04-04",2019,NA,"","","","","","",NA,NA,NA,NA,NA,NA,NA,NA
"MQ201009-49","MQ201009-49","MQ201009","LIB-Viby-LT-106",NA,"","LT","","Viby","2019-04-08",2019,NA,"","","","","","",NA,NA,NA,NA,NA,NA,NA,NA
"MQ201009-50","MQ201009-50","MQ201009","LIB-Viby-LT-109",NA,"","LT","","Viby","2019-04-16",2019,NA,"","","","","","",NA,NA,NA,NA,NA,NA,NA,NA
"MQ201009-51","MQ201009-51","MQ201009","LIB-Viby-LT-112",NA,"","LT","","Viby","2019-04-24",2019,NA,"","","","","","",NA,NA,NA,NA,NA,NA,NA,NA
"MQ201009-52","MQ201009-52","MQ201009","LIB-Viby-LT-115",NA,"","LT","","Viby","2019-04-30",2019,NA,"","","","","","",NA,NA,NA,NA,NA,NA,NA,NA
"MQ201009-53","MQ201009-53","MQ201009","LIB-Viby-LT-118",NA,"","LT","","Viby","2019-05-10",2019,NA,"","","","","","",NA,NA,NA,NA,NA,NA,NA,NA
"MQ201009-54","MQ201009-54","MQ201009","LIB-Viby-LT-121",NA,"","LT","","Viby","2019-05-15",2019,NA,"","","","","","",NA,NA,NA,NA,NA,NA,NA,NA
"MQ201009-55","MQ201009-55","MQ201009","LIB-Viby-LT-124",NA,"","LT","","Viby","2019-05-23",2019,NA,"","","","","","",NA,NA,NA,NA,NA,NA,NA,NA
"MQ201009-56","MQ201009-56","MQ201009","LIB-Viby-LT-127",NA,"","LT","","Viby","2019-05-29",2019,NA,"","","","","","",NA,NA,NA,NA,NA,NA,NA,NA
"MQ201009-57","MQ201009-57","MQ201009","LIB-Viby-LT-130",NA,"","LT","","Viby","2019-06-07",2019,NA,"","","","","","",NA,NA,NA,NA,NA,NA,NA,NA
"MQ201009-58","MQ201009-58","MQ201009","LIB-Viby-LT-133",NA,"","LT","","Viby","2019-06-16",2019,NA,"","","","","","",NA,NA,NA,NA,NA,NA,NA,NA
"MQ201009-59","MQ201009-59","MQ201009","LIB-Viby-LT-136",NA,"","LT","","Viby","2019-06-18",2019,NA,"","","","","","",NA,NA,NA,NA,NA,NA,NA,NA
"MQ201009-60","MQ201009-60","MQ201009","LIB-Viby-LT-139",NA,"","LT","","Viby","2019-06-27",2019,NA,"","","","","","",NA,NA,NA,NA,NA,NA,NA,NA
"MQ201009-61","MQ201009-61","MQ201009","LIB-Viby-LT-142",NA,"","LT","","Viby","2019-07-01",2019,NA,"","","","","","",NA,NA,NA,NA,NA,NA,NA,NA
"MQ201009-62","MQ201009-62","MQ201009","LIB-Viby-LT-145",NA,"","LT","","Viby","2019-07-11",2019,NA,"","","","","","",NA,NA,NA,NA,NA,NA,NA,NA
"MQ201009-63","MQ201009-63","MQ201009","LIB-Viby-LT-148",NA,"","LT","","Viby","2019-07-18",2019,NA,"","","","","","",NA,NA,NA,NA,NA,NA,NA,NA
"MQ201009-64","MQ201009-64","MQ201009","LIB-Viby-LT-151",NA,"","LT","","Viby","2019-07-24",2019,NA,"","","","","","",NA,NA,NA,NA,NA,NA,NA,NA
"MQ201009-65","MQ201009-65","MQ201009","LIB-Viby-LT-154",NA,"","LT","","Viby","2019-07-31",2019,NA,"","","","","","",NA,NA,NA,NA,NA,NA,NA,NA
"MQ201009-66","MQ201009-66","MQ201009","LIB-Viby-LT-157",NA,"","LT","","Viby","2019-08-07",2019,NA,"","","","","","",NA,NA,NA,NA,NA,NA,NA,NA
"MQ201009-67","MQ201009-67","MQ201009","LIB-Viby-LT-160",NA,"","LT","","Viby","2019-08-15",2019,NA,"","","","","","",NA,NA,NA,NA,NA,NA,NA,NA
"MQ201009-68","MQ201009-68","MQ201009","LIB-Viby-LT-163",NA,"","LT","","Viby","2019-08-21",2019,NA,"","","","","","",NA,NA,NA,NA,NA,NA,NA,NA
"MQ201009-69","MQ201009-69","MQ201009","LIB-Viby-LT-166",NA,"","LT","","Viby","2019-08-29",2019,NA,"","","","","","",NA,NA,NA,NA,NA,NA,NA,NA
"MQ201009-70","MQ201009-70","MQ201009","LIB-Viby-LT-169",NA,"","LT","","Viby","2019-09-04",2019,NA,"","","","","","",NA,NA,NA,NA,NA,NA,NA,NA
"MQ201009-71","MQ201009-71","MQ201009","LIB-Viby-LT-172",NA,"","LT","","Viby","2019-09-11",2019,NA,"","","","","","",NA,NA,NA,NA,NA,NA,NA,NA
"MQ201009-72","MQ201009-72","MQ201009","LIB-Viby-LT-175",NA,"","LT","","Viby","2019-09-20",2019,NA,"","","","","","",NA,NA,NA,NA,NA,NA,NA,NA
"MQ201009-73","MQ201009-73","MQ201009","LIB-Viby-LT-178",NA,"","LT","","Viby","2019-09-24",2019,NA,"","","","","","",NA,NA,NA,NA,NA,NA,NA,NA
"MQ201009-74","MQ201009-74","MQ201009","LIB-Viby-LT-180",NA,"","LT","","Viby","2019-10-01",2019,NA,"","","","","","",NA,NA,NA,NA,NA,NA,NA,NA
"MQ201009-75","MQ201009-75","MQ201009","LIB-Viby-LT-182",NA,"","LT","","Viby","2019-10-08",2019,NA,"","","","","","",NA,NA,NA,NA,NA,NA,NA,NA
"MQ201009-76","MQ201009-76","MQ201009","LIB-Viby-LT-184",NA,"","LT","","Viby","2019-10-16",2019,NA,"","","","","","",NA,NA,NA,NA,NA,NA,NA,NA
"MQ201009-80","MQ201009-80","MQ201009","LIB-Viby-LT-186",NA,"","LT","","Viby","2019-10-23",2019,NA,"","","","","","",NA,NA,NA,NA,NA,NA,NA,NA
"MQ201009-81","MQ201009-81","MQ201009","LIB-Viby-LT-188",NA,"","LT","","Viby","2019-10-28",2019,NA,"","","","","","",NA,NA,NA,NA,NA,NA,NA,NA
"MQ201009-82","MQ201009-82","MQ201009","LIB-Viby-LT-190",NA,"","LT","","Viby","2019-11-06",2019,NA,"","","","","","",NA,NA,NA,NA,NA,NA,NA,NA
"MQ201009-83","MQ201009-83","MQ201009","LIB-Viby-LT-192",NA,"","LT","","Viby","2019-11-11",2019,NA,"","","","","","",NA,NA,NA,NA,NA,NA,NA,NA
"MQ201009-84","MQ201009-84","MQ201009","LIB-Viby-LT-194",NA,"","LT","","Viby","2019-11-18",2019,NA,"","","","","","",NA,NA,NA,NA,NA,NA,NA,NA
"MQ201009-85","MQ201009-85","MQ201009","LIB-Viby-LT-196",NA,"","LT","","Viby","2019-11-27",2019,NA,"","","","","","",NA,NA,NA,NA,NA,NA,NA,NA
"MQ201009-86","MQ201009-86","MQ201009","LIB-Viby-LT-198",NA,"","LT","","Viby","2019-12-05",2019,NA,"","","","","","",NA,NA,NA,NA,NA,NA,NA,NA
"MQ201009-87","MQ201009-87","MQ201009","LIB-Viby-LT-200",NA,"","LT","","Viby","2019-12-10",2019,NA,"","","","","","",NA,NA,NA,NA,NA,NA,NA,NA
"MQ201009-88","MQ201009-88","MQ201009","LIB-Viby-LT-202",NA,"","LT","","Viby","2019-12-18",2019,NA,"","","","","","",NA,NA,NA,NA,NA,NA,NA,NA
"MQ201009-89","MQ201009-89","MQ201009","LIB-Viby-LT-204",NA,"","LT","","Viby","2019-12-27",2019,NA,"","","","","","",NA,NA,NA,NA,NA,NA,NA,NA
"MQ201009-90","MQ201009-90","MQ201009","LIB-Viby-LT-207",NA,"","LT","","Viby","2020-01-02",2020,NA,"","","","","","",NA,NA,NA,NA,NA,NA,NA,NA
"MQ181123-225","MQ181123-225","MQ181123","LIB-Viby-LT-1",NA,"Viby - LT #1","LT","","Viby","2018-01-25",2018,NA,"Recirculation","EBPR","EBPR","RSS","NO","Digester",56.126497,10.141274,NA,NA,NA,NA,30.1737595,5.608489615
"MQ181123-226","MQ181123-226","MQ181123","LIB-Viby-LT-4",NA,"Viby - LT #4","LT","","Viby","2018-02-09",2018,NA,"Recirculation","EBPR","EBPR","RSS","NO","Digester",56.126497,10.141274,NA,NA,NA,NA,39.50661514,6.359649123
"MQ181123-227","MQ181123-227","MQ181123","LIB-Viby-LT-7",NA,"Viby - LT #7","LT","","Viby","2018-03-06",2018,NA,"Recirculation","EBPR","EBPR","RSS","NO","Digester",56.126497,10.141274,NA,NA,NA,NA,65.00626967,4.851028433
"MQ181123-228","MQ181123-228","MQ181123","LIB-Viby-LT-10",NA,"Viby - LT #10","LT","","Viby","2018-03-22",2018,NA,"Recirculation","EBPR","EBPR","RSS","NO","Digester",56.126497,10.141274,NA,NA,NA,NA,22.03725977,2.949183303
"MQ181123-229","MQ181123-229","MQ181123","LIB-Viby-LT-13",NA,"Viby - LT #13","LT","","Viby","2018-04-16",2018,NA,"Recirculation","EBPR","EBPR","RSS","NO","Digester",56.126497,10.141274,NA,NA,NA,NA,44.22934207,3.840586588
"MQ181123-230","MQ181123-230","MQ181123","LIB-Viby-LT-16",NA,"Viby - LT #16","LT","","Viby","2018-05-07",2018,NA,"Recirculation","EBPR","EBPR","RSS","NO","Digester",56.126497,10.141274,NA,NA,NA,NA,26.45673926,-0.008305254
"MQ181123-231","MQ181123-231","MQ181123","LIB-Viby-LT-19",NA,"Viby - LT #19","LT","","Viby","2018-05-15",2018,NA,"Recirculation","EBPR","EBPR","RSS","NO","Digester",56.126497,10.141274,NA,NA,NA,NA,40.07984236,1.934613833
"MQ181123-232","MQ181123-232","MQ181123","LIB-Viby-LT-22",NA,"Viby - LT #22","LT","","Viby","2018-05-31",2018,NA,"Recirculation","EBPR","EBPR","RSS","NO","Digester",56.126497,10.141274,NA,NA,NA,NA,35.26243059,8.006906634
"MQ181123-233","MQ181123-233","MQ181123","LIB-Viby-LT-25",NA,"Viby - LT #25","LT","","Viby","2018-06-14",2018,NA,"Recirculation","EBPR","EBPR","RSS","NO","Digester",56.126497,10.141274,NA,NA,NA,NA,32.82365586,6.219751966
"MQ181123-234","MQ181123-234","MQ181123","LIB-Viby-LT-28",NA,"Viby - LT #28","LT","","Viby","2018-06-28",2018,NA,"Recirculation","EBPR","EBPR","RSS","NO","Digester",56.126497,10.141274,NA,NA,NA,NA,30.97346265,7.299858843
"MQ181123-235","MQ181123-235","MQ181123","LIB-Viby-LT-31",NA,"Viby - LT #31","LT","","Viby","2018-07-06",2018,NA,"Recirculation","EBPR","EBPR","RSS","NO","Digester",56.126497,10.141274,NA,NA,NA,NA,41.03180899,3.842760637
"MQ181123-236","MQ181123-236","MQ181123","LIB-Viby-LT-34",NA,"Viby - LT #34","LT","","Viby","2018-08-13",2018,NA,"Recirculation","EBPR","EBPR","RSS","NO","Digester",56.126497,10.141274,NA,NA,NA,NA,5.009340533,4.668279895
"MQ221010-104","MQ221010-104","","LIB-Viby-LT-294",NA,"","","Activated sludge","Viby","2020-12-16",2020,NA,"","","","","","",NA,NA,NA,NA,NA,NA,NA,NA
"MQ221010-105","MQ221010-105","","LIB-Viby-LT-296",NA,"","","Activated sludge","Viby","2020-12-23",2020,NA,"","","","","","",NA,NA,NA,NA,NA,NA,NA,NA
"MQ221010-106","MQ221010-106","","LIB-Viby-LT-298",NA,"","","Activated sludge","Viby","2021-01-05",2021,NA,"","","","","","",NA,NA,NA,NA,NA,NA,NA,NA
"MQ221010-107","MQ221010-107","","LIB-Viby-LT-300",NA,"","","Activated sludge","Viby","2021-01-14",2021,NA,"","","","","","",NA,NA,NA,NA,NA,NA,NA,NA
"MQ221010-108","MQ221010-108","","LIB-Viby-LT-302",NA,"","","Activated sludge","Viby","2021-01-19",2021,NA,"","","","","","",NA,NA,NA,NA,NA,NA,NA,NA
"MQ221010-109","MQ221010-109","","LIB-Viby-LT-304",NA,"","","Activated sludge","Viby","2021-01-28",2021,NA,"","","","","","",NA,NA,NA,NA,NA,NA,NA,NA
"MQ221010-110","MQ221010-110","","LIB-Viby-LT-306",NA,"","","Activated sludge","Viby","2021-02-04",2021,NA,"","","","","","",NA,NA,NA,NA,NA,NA,NA,NA
"MQ221010-111","MQ221010-111","","LIB-Viby-LT-308",NA,"","","Activated sludge","Viby","2021-02-12",2021,NA,"","","","","","",NA,NA,NA,NA,NA,NA,NA,NA
"MQ221010-112","MQ221010-112","","LIB-Viby-LT-310",NA,"","","Activated sludge","Viby","2021-02-18",2021,NA,"","","","","","",NA,NA,NA,NA,NA,NA,NA,NA
"MQ221010-113","MQ221010-113","","LIB-Viby-LT-312",NA,"","","Activated sludge","Viby","2021-02-25",2021,NA,"","","","","","",NA,NA,NA,NA,NA,NA,NA,NA
"MQ221010-114","MQ221010-114","","LIB-Viby-LT-314",NA,"","","Activated sludge","Viby","2021-03-04",2021,NA,"","","","","","",NA,NA,NA,NA,NA,NA,NA,NA
"MQ221010-115","MQ221010-115","","LIB-Viby-LT-316",NA,"","","Activated sludge","Viby","2021-03-10",2021,NA,"","","","","","",NA,NA,NA,NA,NA,NA,NA,NA
"MQ221010-116","MQ221010-116","","LIB-Viby-LT-318",NA,"","","Activated sludge","Viby","2021-03-17",2021,NA,"","","","","","",NA,NA,NA,NA,NA,NA,NA,NA
"MQ221010-117","MQ221010-117","","LIB-Viby-LT-320",NA,"","","Activated sludge","Viby","2021-03-30",2021,NA,"","","","","","",NA,NA,NA,NA,NA,NA,NA,NA
"MQ221010-118","MQ221010-118","","LIB-Viby-LT-322",NA,"","","Activated sludge","Viby","2021-04-13",2021,NA,"","","","","","",NA,NA,NA,NA,NA,NA,NA,NA
"MQ221010-119","MQ221010-119","","LIB-Viby-LT-324",NA,"","","Activated sludge","Viby","2021-04-28",2021,NA,"","","","","","",NA,NA,NA,NA,NA,NA,NA,NA
"MQ221010-120","MQ221010-120","","LIB-Viby-LT-326",NA,"","","Activated sludge","Viby","2021-05-17",2021,NA,"","","","","","",NA,NA,NA,NA,NA,NA,NA,NA
"MQ221010-121","MQ221010-121","","LIB-Viby-LT-328",NA,"","","Activated sludge","Viby","2021-05-27",2021,NA,"","","","","","",NA,NA,NA,NA,NA,NA,NA,NA
"MQ221010-122","MQ221010-122","","LIB-Viby-LT-330",NA,"","","Activated sludge","Viby","2021-06-08",2021,NA,"","","","","","",NA,NA,NA,NA,NA,NA,NA,NA
"MQ221010-123","MQ221010-123","","LIB-Viby-LT-334",NA,"","","Activated sludge","Viby","2021-06-30",2021,NA,"","","","","","",NA,NA,NA,NA,NA,NA,NA,NA
"MQ221010-124","MQ221010-124","","LIB-Viby-LT-336",NA,"","","Activated sludge","Viby","2021-07-07",2021,NA,"","","","","","",NA,NA,NA,NA,NA,NA,NA,NA
"MQ221010-125","MQ221010-125","","LIB-Viby-LT-338",NA,"","","Activated sludge","Viby","2021-07-20",2021,NA,"","","","","","",NA,NA,NA,NA,NA,NA,NA,NA
"MQ221010-126","MQ221010-126","","LIB-Viby-LT-340",NA,"","","Activated sludge","Viby","2021-08-05",2021,NA,"","","","","","",NA,NA,NA,NA,NA,NA,NA,NA
"MQ221010-127","MQ221010-127","","LIB-Viby-LT-342",NA,"","","Activated sludge","Viby","2021-08-24",2021,NA,"","","","","","",NA,NA,NA,NA,NA,NA,NA,NA
"MQ221010-128","MQ221010-128","","LIB-Viby-LT-344",NA,"","","Activated sludge","Viby","2021-09-02",2021,NA,"","","","","","",NA,NA,NA,NA,NA,NA,NA,NA
"MQ221010-129","MQ221010-129","","LIB-Viby-LT-346",NA,"","","Activated sludge","Viby","2021-09-22",2021,NA,"","","","","","",NA,NA,NA,NA,NA,NA,NA,NA
"MQ221010-130","MQ221010-130","","LIB-Viby-LT-348",NA,"","","Activated sludge","Viby","2021-10-28",2021,NA,"","","","","","",NA,NA,NA,NA,NA,NA,NA,NA
"MQ221010-131","MQ221010-131","","LIB-Viby-LT-350",NA,"","","Activated sludge","Viby","2021-11-10",2021,NA,"","","","","","",NA,NA,NA,NA,NA,NA,NA,NA
"MQ221010-132","MQ221010-132","","LIB-Viby-LT-352",NA,"","","Activated sludge","Viby","2021-11-17",2021,NA,"","","","","","",NA,NA,NA,NA,NA,NA,NA,NA
"MQ221010-133","MQ221010-133","","LIB-Viby-LT-354",NA,"","","Activated sludge","Viby","2021-11-25",2021,NA,"","","","","","",NA,NA,NA,NA,NA,NA,NA,NA
"MQ221010-134","MQ221010-134","","LIB-Viby-LT-356",NA,"","","Activated sludge","Viby","2021-12-06",2021,NA,"","","","","","",NA,NA,NA,NA,NA,NA,NA,NA
"MQ221010-135","MQ221010-135","","LIB-Viby-LT-358",NA,"","","Activated sludge","Viby","2021-12-20",2021,NA,"","","","","","",NA,NA,NA,NA,NA,NA,NA,NA
"MQ221010-136","MQ221010-136","","LIB-Viby-LT-360",NA,"","","Activated sludge","Viby","2022-01-03",2022,NA,"","","","","","",NA,NA,NA,NA,NA,NA,NA,NA
"MQ221010-51","MQ221010-51","","LIB-Viby-LT-186",NA,"","","Activated sludge","Viby","2019-10-23",2019,NA,"","","","","","",NA,NA,NA,NA,NA,NA,NA,NA
"MQ221010-52","MQ221010-52","","LIB-Viby-LT-188",NA,"","","Activated sludge","Viby","2019-10-28",2019,NA,"","","","","","",NA,NA,NA,NA,NA,NA,NA,NA
"MQ221010-53","MQ221010-53","","LIB-Viby-LT-190",NA,"","","Activated sludge","Viby","2019-11-06",2019,NA,"","","","","","",NA,NA,NA,NA,NA,NA,NA,NA
"MQ221010-54","MQ221010-54","","LIB-Viby-LT-192",NA,"","","Activated sludge","Viby","2019-11-11",2019,NA,"","","","","","",NA,NA,NA,NA,NA,NA,NA,NA
"MQ221010-55","MQ221010-55","","LIB-Viby-LT-194",NA,"","","Activated sludge","Viby","2019-11-18",2019,NA,"","","","","","",NA,NA,NA,NA,NA,NA,NA,NA
"MQ221010-56","MQ221010-56","","LIB-Viby-LT-196",NA,"","","Activated sludge","Viby","2019-11-27",2019,NA,"","","","","","",NA,NA,NA,NA,NA,NA,NA,NA
"MQ221010-57","MQ221010-57","","LIB-Viby-LT-198",NA,"","","Activated sludge","Viby","2019-12-05",2019,NA,"","","","","","",NA,NA,NA,NA,NA,NA,NA,NA
"MQ221010-58","MQ221010-58","","LIB-Viby-LT-200",NA,"","","Activated sludge","Viby","2019-12-10",2019,NA,"","","","","","",NA,NA,NA,NA,NA,NA,NA,NA
"MQ221010-59","MQ221010-59","","LIB-Viby-LT-202",NA,"","","Activated sludge","Viby","2019-12-18",2019,NA,"","","","","","",NA,NA,NA,NA,NA,NA,NA,NA
"MQ221010-60","MQ221010-60","","LIB-Viby-LT-204",NA,"","","Activated sludge","Viby","2019-12-27",2019,NA,"","","","","","",NA,NA,NA,NA,NA,NA,NA,NA
"MQ221010-61","MQ221010-61","","LIB-Viby-LT-207",NA,"","","Activated sludge","Viby","2020-01-02",2020,NA,"","","","","","",NA,NA,NA,NA,NA,NA,NA,NA
"MQ221010-62","MQ221010-62","","LIB-Viby-LT-209",NA,"","","Activated sludge","Viby","2020-01-07",2020,NA,"","","","","","",NA,NA,NA,NA,NA,NA,NA,NA
"MQ221010-63","MQ221010-63","","LIB-Viby-LT-211",NA,"","","Activated sludge","Viby","2020-01-14",2020,NA,"","","","","","",NA,NA,NA,NA,NA,NA,NA,NA
"MQ221010-64","MQ221010-64","","LIB-Viby-LT-213",NA,"","","Activated sludge","Viby","2020-01-21",2020,NA,"","","","","","",NA,NA,NA,NA,NA,NA,NA,NA
"MQ221010-65","MQ221010-65","","LIB-Viby-LT-215",NA,"","","Activated sludge","Viby","2020-01-28",2020,NA,"","","","","","",NA,NA,NA,NA,NA,NA,NA,NA
"MQ221010-66","MQ221010-66","","LIB-Viby-LT-217",NA,"","","Activated sludge","Viby","2020-02-04",2020,NA,"","","","","","",NA,NA,NA,NA,NA,NA,NA,NA
"MQ221010-67","MQ221010-67","","LIB-Viby-LT-219",NA,"","","Activated sludge","Viby","2020-02-11",2020,NA,"","","","","","",NA,NA,NA,NA,NA,NA,NA,NA
"MQ221010-68","MQ221010-68","","LIB-Viby-LT-221",NA,"","","Activated sludge","Viby","2020-02-18",2020,NA,"","","","","","",NA,NA,NA,NA,NA,NA,NA,NA
"MQ221010-69","MQ221010-69","","LIB-Viby-LT-223",NA,"","","Activated sludge","Viby","2020-02-25",2020,NA,"","","","","","",NA,NA,NA,NA,NA,NA,NA,NA
"MQ221010-70","MQ221010-70","","LIB-Viby-LT-225",NA,"","","Activated sludge","Viby","2020-03-03",2020,NA,"","","","","","",NA,NA,NA,NA,NA,NA,NA,NA
"MQ221010-71","MQ221010-71","","LIB-Viby-LT-227",NA,"","","Activated sludge","Viby","2020-03-10",2020,NA,"","","","","","",NA,NA,NA,NA,NA,NA,NA,NA
"MQ221010-72","MQ221010-72","","LIB-Viby-LT-229",NA,"","","Activated sludge","Viby","2020-04-02",2020,NA,"","","","","","",NA,NA,NA,NA,NA,NA,NA,NA
"MQ221010-73","MQ221010-73","","LIB-Viby-LT-231",NA,"","","Activated sludge","Viby","2020-04-07",2020,NA,"","","","","","",NA,NA,NA,NA,NA,NA,NA,NA
"MQ221010-74","MQ221010-74","","LIB-Viby-LT-233",NA,"","","Activated sludge","Viby","2020-04-14",2020,NA,"","","","","","",NA,NA,NA,NA,NA,NA,NA,NA
"MQ221010-75","MQ221010-75","","LIB-Viby-LT-235",NA,"","","Activated sludge","Viby","2020-04-22",2020,NA,"","","","","","",NA,NA,NA,NA,NA,NA,NA,NA
"MQ221010-76","MQ221010-76","","LIB-Viby-LT-237",NA,"","","Activated sludge","Viby","2020-04-27",2020,NA,"","","","","","",NA,NA,NA,NA,NA,NA,NA,NA
"MQ221010-77","MQ221010-77","","LIB-Viby-LT-239",NA,"","","Activated sludge","Viby","2020-05-05",2020,NA,"","","","","","",NA,NA,NA,NA,NA,NA,NA,NA
"MQ221010-78","MQ221010-78","","LIB-Viby-LT-241",NA,"","","Activated sludge","Viby","2020-05-15",2020,NA,"","","","","","",NA,NA,NA,NA,NA,NA,NA,NA
"MQ221010-79","MQ221010-79","","LIB-Viby-LT-243",NA,"","","Activated sludge","Viby","2020-05-18",2020,NA,"","","","","","",NA,NA,NA,NA,NA,NA,NA,NA
"MQ221010-80","MQ221010-80","","LIB-Viby-LT-245",NA,"","","Activated sludge","Viby","2020-06-04",2020,NA,"","","","","","",NA,NA,NA,NA,NA,NA,NA,NA
"MQ221010-81","MQ221010-81","","LIB-Viby-LT-247",NA,"","","Activated sludge","Viby","2020-06-06",2020,NA,"","","","","","",NA,NA,NA,NA,NA,NA,NA,NA
"MQ221010-82","MQ221010-82","","LIB-Viby-LT-249",NA,"","","Activated sludge","Viby","2020-06-18",2020,NA,"","","","","","",NA,NA,NA,NA,NA,NA,NA,NA
"MQ221010-83","MQ221010-83","","LIB-Viby-LT-251",NA,"","","Activated sludge","Viby","2020-06-25",2020,NA,"","","","","","",NA,NA,NA,NA,NA,NA,NA,NA
"MQ221010-84","MQ221010-84","","LIB-Viby-LT-253",NA,"","","Activated sludge","Viby","2020-07-02",2020,NA,"","","","","","",NA,NA,NA,NA,NA,NA,NA,NA
"MQ221010-85","MQ221010-85","","LIB-Viby-LT-255",NA,"","","Activated sludge","Viby","2020-07-06",2020,NA,"","","","","","",NA,NA,NA,NA,NA,NA,NA,NA
"MQ221010-86","MQ221010-86","","LIB-Viby-LT-256",NA,"","","Activated sludge","Viby","2020-07-15",2020,NA,"","","","","","",NA,NA,NA,NA,NA,NA,NA,NA
"MQ221010-87","MQ221010-87","","LIB-Viby-LT-257",NA,"","","Activated sludge","Viby","2020-07-23",2020,NA,"","","","","","",NA,NA,NA,NA,NA,NA,NA,NA
"MQ221010-88","MQ221010-88","","LIB-Viby-LT-258",NA,"","","Activated sludge","Viby","2020-07-30",2020,NA,"","","","","","",NA,NA,NA,NA,NA,NA,NA,NA
"MQ221010-89","MQ221010-89","","LIB-Viby-LT-260",NA,"","","Activated sludge","Viby","2020-08-05",2020,NA,"","","","","","",NA,NA,NA,NA,NA,NA,NA,NA
"MQ221010-90","MQ221010-90","","LIB-Viby-LT-262",NA,"","","Activated sludge","Viby","2020-08-14",2020,NA,"","","","","","",NA,NA,NA,NA,NA,NA,NA,NA
"MQ221010-91","MQ221010-91","","LIB-Viby-LT-264",NA,"","","Activated sludge","Viby","2020-08-20",2020,NA,"","","","","","",NA,NA,NA,NA,NA,NA,NA,NA
"MQ221010-92","MQ221010-92","","LIB-Viby-LT-270",NA,"","","Activated sludge","Viby","2020-09-18",2020,NA,"","","","","","",NA,NA,NA,NA,NA,NA,NA,NA
"MQ221010-93","MQ221010-93","","LIB-Viby-LT-272",NA,"","","Activated sludge","Viby","2020-09-24",2020,NA,"","","","","","",NA,NA,NA,NA,NA,NA,NA,NA
"MQ221010-94","MQ221010-94","","LIB-Viby-LT-274",NA,"","","Activated sludge","Viby","2020-09-30",2020,NA,"","","","","","",NA,NA,NA,NA,NA,NA,NA,NA
"MQ221010-95","MQ221010-95","","LIB-Viby-LT-276",NA,"","","Activated sludge","Viby","2020-10-07",2020,NA,"","","","","","",NA,NA,NA,NA,NA,NA,NA,NA
"MQ221010-96","MQ221010-96","","LIB-Viby-LT-278",NA,"","","Activated sludge","Viby","2020-10-13",2020,NA,"","","","","","",NA,NA,NA,NA,NA,NA,NA,NA
"MQ221010-97","MQ221010-97","","LIB-Viby-LT-280",NA,"","","Activated sludge","Viby","2020-10-19",2020,NA,"","","","","","",NA,NA,NA,NA,NA,NA,NA,NA
"MQ221010-98","MQ221010-98","","LIB-Viby-LT-282",NA,"","","Activated sludge","Viby","2020-10-27",2020,NA,"","","","","","",NA,NA,NA,NA,NA,NA,NA,NA
"MQ221010-99","MQ221010-99","","LIB-Viby-LT-284",NA,"","","Activated sludge","Viby","2020-11-03",2020,NA,"","","","","","",NA,NA,NA,NA,NA,NA,NA,NA
"MQ221010-100","MQ221010-100","","LIB-Viby-LT-286",NA,"","","Activated sludge","Viby","2020-11-09",2020,NA,"","","","","","",NA,NA,NA,NA,NA,NA,NA,NA
"MQ221010-101","MQ221010-101","","LIB-Viby-LT-288",NA,"","","Activated sludge","Viby","2020-11-20",2020,NA,"","","","","","",NA,NA,NA,NA,NA,NA,NA,NA
"MQ221010-102","MQ221010-102","","LIB-Viby-LT-290",NA,"","","Activated sludge","Viby","2020-11-24",2020,NA,"","","","","","",NA,NA,NA,NA,NA,NA,NA,NA
"MQ221010-103","MQ221010-103","","LIB-Viby-LT-292",NA,"","","Activated sludge","Viby","2020-12-01",2020,NA,"","","","","","",NA,NA,NA,NA,NA,NA,NA,NA
